observation_id,patient_id,loinc,value,unit,taken_at
O00001,PT002,8867-4,98.3,bpm,2025-02-01 00:00:00
O00002,PT003,8310-5,122.0,degF,2025-02-01 12:00:00
O00003,PT004,8480-6,73.0,mmHg,2025-02-02 00:00:00
O00004,PT005,29463-7,76.0,kg,2025-02-02 12:00:00
O00005,PT006,8867-4,98.2,bpm,2025-02-03 00:00:00
O00006,PT007,8310-5,126.0,degF,2025-02-03 12:00:00
O00007,PT008,8480-6,77.0,mmHg,2025-02-04 00:00:00
O00008,PT009,29463-7,80.0,kg,2025-02-04 12:00:00
O00009,PT010,8867-4,98.60000000000001,bpm,2025-02-05 00:00:00
O00010,PT011,8310-5,120.0,degF,2025-02-05 12:00:00
O00011,PT012,8480-6,73.0,mmHg,2025-02-06 00:00:00
O00012,PT013,29463-7,84.0,kg,2025-02-06 12:00:00
O00013,PT014,8867-4,98.5,bpm,2025-02-07 00:00:00
O00014,PT015,8310-5,124.0,degF,2025-02-07 12:00:00
O00015,PT016,8480-6,77.0,mmHg,2025-02-08 00:00:00
O00016,PT017,29463-7,73.0,kg,2025-02-08 12:00:00
O00017,PT018,8867-4,98.4,bpm,2025-02-09 00:00:00
O00018,PT019,8310-5,128.0,degF,2025-02-09 12:00:00
O00019,PT020,8480-6,73.0,mmHg,2025-02-10 00:00:00
O00020,PT001,29463-7,77.0,kg,2025-02-10 12:00:00
O00021,PT002,8867-4,98.3,bpm,2025-02-11 00:00:00
O00022,PT003,8310-5,122.0,degF,2025-02-11 12:00:00
O00023,PT004,8480-6,77.0,mmHg,2025-02-12 00:00:00
O00024,PT005,29463-7,81.0,kg,2025-02-12 12:00:00
O00025,PT006,8867-4,98.2,bpm,2025-02-13 00:00:00
O00026,PT007,8310-5,126.0,degF,2025-02-13 12:00:00
O00027,PT008,8480-6,73.0,mmHg,2025-02-14 00:00:00
O00028,PT009,29463-7,85.0,kg,2025-02-14 12:00:00
O00029,PT010,8867-4,98.60000000000001,bpm,2025-02-15 00:00:00
O00030,PT011,8310-5,120.0,degF,2025-02-15 12:00:00
O00031,PT012,8480-6,77.0,mmHg,2025-02-16 00:00:00
O00032,PT013,29463-7,74.0,kg,2025-02-16 12:00:00
O00033,PT014,8867-4,98.5,bpm,2025-02-17 00:00:00
O00034,PT015,8310-5,124.0,degF,2025-02-17 12:00:00
O00035,PT016,8480-6,73.0,mmHg,2025-02-18 00:00:00
O00036,PT017,29463-7,78.0,kg,2025-02-18 12:00:00
O00037,PT018,8867-4,98.4,bpm,2025-02-19 00:00:00
O00038,PT019,8310-5,128.0,degF,2025-02-19 12:00:00
O00039,PT020,8480-6,77.0,mmHg,2025-02-20 00:00:00
O00040,PT001,29463-7,82.0,kg,2025-02-20 12:00:00
O00041,PT002,8867-4,98.3,bpm,2025-02-21 00:00:00
O00042,PT003,8310-5,122.0,degF,2025-02-21 12:00:00
O00043,PT004,8480-6,73.0,mmHg,2025-02-22 00:00:00
O00044,PT005,29463-7,86.0,kg,2025-02-22 12:00:00
O00045,PT006,8867-4,98.2,bpm,2025-02-23 00:00:00
O00046,PT007,8310-5,126.0,degF,2025-02-23 12:00:00
O00047,PT008,8480-6,77.0,mmHg,2025-02-24 00:00:00
O00048,PT009,29463-7,75.0,kg,2025-02-24 12:00:00
O00049,PT010,8867-4,98.60000000000001,bpm,2025-02-25 00:00:00
O00050,PT011,8310-5,120.0,degF,2025-02-25 12:00:00
O00051,PT012,8480-6,73.0,mmHg,2025-02-26 00:00:00
O00052,PT013,29463-7,79.0,kg,2025-02-26 12:00:00
O00053,PT014,8867-4,98.5,bpm,2025-02-27 00:00:00
O00054,PT015,8310-5,124.0,degF,2025-02-27 12:00:00
O00055,PT016,8480-6,77.0,mmHg,2025-02-28 00:00:00
O00056,PT017,29463-7,83.0,kg,2025-02-28 12:00:00
O00057,PT018,8867-4,98.4,bpm,2025-03-01 00:00:00
O00058,PT019,8310-5,128.0,degF,2025-03-01 12:00:00
O00059,PT020,8480-6,73.0,mmHg,2025-03-02 00:00:00
O00060,PT001,29463-7,72.0,kg,2025-03-02 12:00:00
O00061,PT002,8867-4,98.3,bpm,2025-03-03 00:00:00
O00062,PT003,8310-5,122.0,degF,2025-03-03 12:00:00
O00063,PT004,8480-6,77.0,mmHg,2025-03-04 00:00:00
O00064,PT005,29463-7,76.0,kg,2025-03-04 12:00:00
O00065,PT006,8867-4,98.2,bpm,2025-03-05 00:00:00
O00066,PT007,8310-5,126.0,degF,2025-03-05 12:00:00
O00067,PT008,8480-6,73.0,mmHg,2025-03-06 00:00:00
O00068,PT009,29463-7,80.0,kg,2025-03-06 12:00:00
O00069,PT010,8867-4,98.60000000000001,bpm,2025-03-07 00:00:00
O00070,PT011,8310-5,120.0,degF,2025-03-07 12:00:00
O00071,PT012,8480-6,77.0,mmHg,2025-03-08 00:00:00
O00072,PT013,29463-7,84.0,kg,2025-03-08 12:00:00
O00073,PT014,8867-4,98.5,bpm,2025-03-09 00:00:00
O00074,PT015,8310-5,124.0,degF,2025-03-09 12:00:00
O00075,PT016,8480-6,73.0,mmHg,2025-03-10 00:00:00
O00076,PT017,29463-7,73.0,kg,2025-03-10 12:00:00
O00077,PT018,8867-4,98.4,bpm,2025-03-11 00:00:00
O00078,PT019,8310-5,128.0,degF,2025-03-11 12:00:00
O00079,PT020,8480-6,77.0,mmHg,2025-03-12 00:00:00
O00080,PT001,29463-7,77.0,kg,2025-03-12 12:00:00
