ticket_id,department,priority,minutes_open
TK0001,Radiology,1,22
TK0002,Lab,2,29
TK0003,Pharmacy,3,36
TK0004,Admissions,4,43
TK0005,Radiology,1,50
TK0006,Lab,2,57
TK0007,Pharmacy,3,64
TK0008,Admissions,4,71
TK0009,Radiology,1,78
TK0010,Lab,2,85
TK0011,Pharmacy,3,92
TK0012,Admissions,4,99
TK0013,Radiology,1,106
TK0014,Lab,2,113
TK0015,Pharmacy,3,120
TK0016,Admissions,4,127
TK0017,Radiology,1,134
TK0018,Lab,2,141
TK0019,Pharmacy,3,148
TK0020,Admissions,4,155
TK0021,Radiology,1,162
TK0022,Lab,2,169
TK0023,Pharmacy,3,176
TK0024,Admissions,4,183
TK0025,Radiology,1,190
TK0026,Lab,2,197
TK0027,Pharmacy,3,204
TK0028,Admissions,4,211
TK0029,Radiology,1,218
TK0030,Lab,2,225
TK0031,Pharmacy,3,232
TK0032,Admissions,4,239
TK0033,Radiology,1,246
TK0034,Lab,2,253
TK0035,Pharmacy,3,20
TK0036,Admissions,4,27
TK0037,Radiology,1,34
TK0038,Lab,2,41
TK0039,Pharmacy,3,48
TK0040,Admissions,4,55
TK0041,Radiology,1,62
TK0042,Lab,2,69
TK0043,Pharmacy,3,76
TK0044,Admissions,4,83
TK0045,Radiology,1,90
TK0046,Lab,2,97
TK0047,Pharmacy,3,104
TK0048,Admissions,4,111
TK0049,Radiology,1,118
TK0050,Lab,2,125
